HRV_MeanNN,HRV_SDNN,HRV_SDANN1,HRV_SDNNI1,HRV_SDANN2,HRV_SDNNI2,HRV_SDANN5,HRV_SDNNI5,HRV_RMSSD,HRV_SDSD,HRV_CVNN,HRV_CVSD,HRV_MedianNN,HRV_MadNN,HRV_MCVNN,HRV_IQRNN,HRV_SDRMSSD,HRV_Prc20NN,HRV_Prc80NN,HRV_pNN50,HRV_pNN20,HRV_MinNN,HRV_MaxNN,HRV_HTI,HRV_TINN,HRV_ULF,HRV_VLF,HRV_LF,HRV_HF,HRV_VHF,HRV_TP,HRV_LFHF,HRV_LFn,HRV_HFn,HRV_LnHF,Subject,Label,LabelName
607.719440353461,44.84250546089299,26.104799825136105,35.00187466885221,21.004254290490557,39.80113683565092,14.690524399610666,42.78042733743988,16.448299860231526,16.4524854871815,0.0737881701378711,0.02706561411078916,602.8571428571429,38.123999999999924,0.06323886255924158,50.357142857142776,2.7262699392605665,571.4285714285714,638.5714285714286,1.3917525773195878,12.11340206185567,508.57142857142856,864.2857142857143,11.547619047619047,164.0625,,0.006848124952557042,0.0056222708267633925,0.0007920327497213115,5.48501786026204e-05,0.013317278707644365,7.098533272445706,0.42217865602948634,0.05947406877252408,-7.140907816346542,S10,1,Rest
558.748897707231,71.34109369472937,42.600364699407564,56.703998538497274,37.507159595569526,62.43005744762726,,,27.204765813298703,27.215178206715095,0.1276800616295983,0.048688714957525074,554.2857142857142,61.42200000000019,0.1108128865979385,82.85714285714289,2.6223748509481815,501.42857142857144,605.7142857142858,3.935185185185185,20.37037037037037,392.85714285714283,888.5714285714286,15.428571428571429,234.375,,0.00785667313188999,0.007580545384497854,0.001903718004694614,0.00010624336073725348,0.017447179881819715,3.981968634957514,0.4344854260599974,0.10911322159739544,-6.263946460359894,S10,2,Stress
789.0466037161134,76.23179142161203,46.283094254687484,64.49098214704847,36.859521242125,70.30179206884418,,,42.81632162532311,42.861574313409,0.09661253348355965,0.054263362168564325,781.4285714285714,74.13,0.09486471663619743,105.71428571428567,1.7804376585336048,723.7142857142858,851.4285714285714,18.123667377398718,55.65031982942431,628.5714285714286,1112.8571428571427,18.76,304.6875,,0.012880504431646025,0.03584755022016231,0.006154307196639123,0.0004534614827404445,0.0553358233311879,5.824790520651734,0.6478181413442207,0.11121741443703224,-5.090603085122257,S10,3,Amusement
809.5133437990581,64.9258483207016,24.939170641210875,59.13118275459916,18.81420891065334,61.9898905834649,8.876857837784392,64.29183671916837,48.81503495114714,48.83180711077005,0.08020355540528046,0.06030170512329971,804.2857142857142,61.42200000000019,0.07636838365897004,85.71428571428578,1.3300379357646217,757.1428571428571,862.8571428571429,30.013736263736263,71.22252747252747,640.0,1035.7142857142858,16.545454545454547,296.875,,0.004514696539625594,0.0030880866120144164,0.004000227379572876,5.580399753053057e-05,0.011658814528743417,0.7719777700097005,0.26487140732885894,0.3431075577804924,-5.5214040745846376,S11,1,Rest
481.3101144072087,28.476470834451,18.870403025288798,21.8155402958576,16.698828449866753,23.554490439715206,,,7.152172244157908,7.15448469462844,0.059164497030201,0.014859800428184787,477.14285714285717,25.416000000000036,0.05326706586826355,34.285714285714334,3.981513568512191,458.57142857142856,502.8571428571429,0.14174344436569808,1.630049610205528,425.7142857142857,585.7142857142858,7.586021505376344,109.375,,0.0036589117059686762,0.004050727218071429,0.0007676198378362073,1.941455575496551e-05,0.008496673317631277,5.276996526678825,0.4767427281999704,0.09034357437790796,-7.17221595018838,S11,2,Stress
809.441816461684,107.9561597272765,26.397336251660327,102.57603551740003,22.34389104311599,104.05189907955692,,,64.09622304160665,64.16723881655977,0.13337111764151952,0.07918570765443118,801.4285714285713,99.54600000000012,0.12421069518716595,134.28571428571422,1.6842827019183195,718.5714285714286,892.8571428571429,32.450331125827816,69.5364238410596,572.8571428571429,1212.857142857143,21.571428571428573,257.8125,,0.01018204155859663,0.0385851479153508,0.005995685592992269,0.00021450746820987447,0.054977382535149576,6.435485536541302,0.701836757882781,0.10905731259866638,-5.11671513624198,S11,3,Amusement
689.691548942573,53.40324136488253,15.83575476316513,50.1395607441185,12.919904966036896,51.13564900921553,7.044388260571116,53.00605858895245,27.19136901953322,27.199315842907684,0.07743061582639334,0.03942540554719382,681.4285714285713,44.47799999999983,0.06527169811320731,61.42857142857156,1.963977662416325,650.0,725.7142857142858,5.149210064365126,27.208894090111173,570.0,922.8571428571428,12.207142857142857,210.9375,,0.010657626987494005,0.01039993082240559,0.0028471233426085227,0.00015404249487444198,0.02405872364738256,3.652785485885278,0.43227275789158653,0.11834058133496504,-5.86144614791252,S13,1,Rest
553.4342952539948,63.79277479718793,46.74475466168498,44.70163384782665,48.189853825701235,48.84932827060387,,,20.13013261932589,20.13846828438177,0.11526711543582727,0.03637312105872895,542.8571428571428,65.6579999999999,0.12094894736842089,90.0,3.1690191020373017,495.7142857142857,604.2857142857143,3.005008347245409,19.031719532554256,441.42857142857144,828.5714285714287,16.87323943661972,242.1875,,0.0028200458157322536,0.003253238984439295,0.00082885612237374,1.5174481889463543e-05,0.0069173154044347525,3.92497430690676,0.47030369359095797,0.11982338145841276,-7.095463973532347,S13,2,Stress
693.9422326307572,67.35230854260108,16.082788523539932,65.77284043850976,5.324991714939014,68.36430189571524,,,37.52396324573422,37.5562887629663,0.09705751484135261,0.054073612299801496,681.4285714285713,52.949999999999925,0.07770440251572316,71.42857142857144,1.794914575028473,641.4285714285714,737.7142857142858,10.564663023679417,37.15846994535519,538.5714285714286,974.2857142857143,13.390243902439025,226.5625,,0.0040530097360769336,0.03830075558272216,0.005278876719673197,0.0002896398815235968,0.04792228191999589,7.255474529265626,0.7992264568424259,0.11015495314864275,-5.244041946382997,S13,3,Amusement
819.5718259487383,56.710134861206406,25.846252411358225,49.153523350800405,23.472708446372984,51.61391319015398,15.860457051520285,54.8447772039943,32.63613391432681,32.647492085090136,0.06919483206436315,0.03982095635919054,824.2857142857143,50.8319999999999,0.06166793760831877,70.0,1.737648675240649,777.1428571428571,864.2857142857143,12.23922114047288,51.87760778859527,638.5714285714286,1007.1428571428571,15.630434782608695,289.0625,,0.007451888324312144,0.0063524822153688395,0.001986257396610537,0.00012541054662093816,0.01591603848291246,3.1982170217259243,0.39912458255167554,0.12479596595239405,-6.221503116213152,S14,1,Rest
473.72753739584374,47.06956567946058,39.226759249230604,28.882112787154234,40.0539697782686,34.19070058116227,,,11.201788493088909,11.205577715953417,0.09935999485740164,0.02364605729839337,467.1428571428571,44.47800000000008,0.09521284403669743,62.85714285714289,4.201968793510141,434.2857142857143,508.57142857142856,0.4919184820801124,4.146170063246662,388.57142857142856,708.5714285714286,11.56910569105691,93.75,,0.0034359335275312105,0.002844206182461635,0.0006338463873187121,2.3628162017601834e-05,0.00693761425932916,4.48721683891448,0.40996891382898226,0.09136374027517676,-7.363703924179733,S14,2,Stress
721.5091717620901,50.89950972219612,13.04332671983165,48.26968826668071,14.185232316326266,49.10341477415091,,,21.592061738678517,21.613058180741014,0.07054589423705855,0.029926247071739607,721.4285714285714,50.83200000000007,0.07046019801980208,68.57142857142844,2.3573251289393213,680.0,764.2857142857142,3.6964980544747084,29.18287937743191,568.5714285714287,847.1428571428572,13.179487179487179,250.0,,0.01014627707613978,0.02909514270494483,0.0023475758948274276,0.00015514996767197387,0.04174414564358401,12.39369630990509,0.6969873800595244,0.056237248568249125,-6.05437201733953,S14,3,Amusement
725.2501544163064,57.32584935509939,17.48281293511542,53.14125967325873,13.86612081539669,55.328727856524196,4.27035972846754,57.15339861814006,27.825509416617898,27.834111243618246,0.0790428640463182,0.03836677489439811,721.4285714285714,52.949999999999925,0.0733960396039603,71.42857142857144,2.0601904711531844,678.5714285714286,770.0,5.435453983940705,34.03335392217418,554.2857142857142,1025.7142857142858,15.130841121495328,281.25,,0.015029196242444516,0.027703564244572765,0.0037590488147694386,0.0001660747015355278,0.04665788400332225,7.369833596127951,0.593759550746025,0.08056620858549388,-5.583589328379217,S15,1,Rest
708.0268595041322,64.9806878333577,30.56726812380574,57.946318205971686,28.463810831599133,59.251389120048884,,,39.544287985507786,39.56464461721635,0.09177715076920534,0.055851395260912415,702.8571428571429,69.89399999999995,0.09944268292682919,95.71428571428567,1.6432382815230322,650.0,764.2857142857142,17.87190082644628,55.371900826446286,541.4285714285714,981.4285714285714,18.615384615384617,304.6875,,0.010254373815381773,0.009688127934512993,0.0041996467531507965,0.00024070994396323378,0.024382858447008795,2.306891151558032,0.3973335593760747,0.1722376710785521,-5.472754863622623,S15,2,Stress
783.6769138034961,67.22662977322163,11.473044209139633,65.66568200179462,5.903416997849831,66.69644967031283,,,40.915337046470334,40.95862806493536,0.08578360366256553,0.052209445405112055,787.1428571428571,50.8319999999999,0.06457785843920133,68.21428571428578,1.6430667477300205,739.4285714285714,830.0,12.869198312236287,44.51476793248945,600.0,1095.7142857142856,14.8125,289.0625,,0.008762608903492139,0.03671174606560236,0.007932265838510052,0.00028871162788732203,0.05369533243549188,4.62815377257932,0.6837046052318767,0.14772728799173862,-4.836816554197583,S15,3,Amusement
919.5865834633386,93.0588319756837,40.5384395498777,83.97758775949146,21.32395317531158,90.72257973939585,7.372242829546787,92.88732638518702,61.895209049234325,61.91869749013171,0.1011963785130557,0.06730764689511362,925.7142857142857,97.42799999999993,0.10524629629629623,132.85714285714278,1.503490066600476,834.2857142857143,1001.4285714285713,39.859594383775345,74.49297971918877,691.4285714285714,1148.5714285714287,24.18867924528302,414.0625,,0.008773324950152758,0.00528086517481863,0.00297683589520676,0.0001161054632995507,0.0171471314834777,1.7739859907365974,0.30797367944061455,0.17360547436608403,-5.816894322684635,S16,1,Rest
468.4878048780488,42.9851161477949,37.12027767775011,21.862609703849,36.94448550156248,25.90095744806061,,,7.363497991240863,7.36579923614858,0.09175290306432689,0.015717587340736954,467.1428571428571,44.477999999999916,0.09521284403669708,58.571428571428555,5.837594605027011,430.0,504.28571428571433,0.06968641114982578,2.64808362369338,385.7142857142857,610.0,10.954198473282442,117.1875,,0.001208069639719144,0.0007425694681889588,0.00011869152215743714,9.281843363049947e-06,0.00207861247342859,6.2562974565612635,0.3572428616114863,0.057101322961687094,-9.038982681330381,S16,2,Stress
701.3930620049167,61.46377845928576,34.7559427938305,52.191463635827084,31.963855656723286,54.715360551421206,,,26.0743057248315,26.096458815882794,0.08763100433812804,0.03717502658252517,692.8571428571429,57.18599999999997,0.08253649484536078,75.71428571428578,2.357254651683845,650.0,751.4285714285714,4.97131931166348,33.07839388145315,594.2857142857143,972.8571428571429,14.527777777777779,210.9375,,0.009551646388523547,0.01786856200667314,0.0033042677066407295,0.0001394003704080162,0.03086387647224543,5.407722252879789,0.5789474314006401,0.10705938735894427,-5.712540401593427,S16,3,Amusement
902.9139796699093,125.5826806313803,61.310669258788636,107.28882245381621,50.869945900840854,113.96676224147237,40.93011577838465,119.74324481868376,90.48250197715926,90.51664439460482,0.13908598544159356,0.10021165251006324,904.2857142857142,124.9619999999999,0.13818862559241696,165.71428571428567,1.387922282068211,807.1428571428571,1012.8571428571429,50.95638867635807,78.04131599081867,558.5714285714286,1260.0,27.80851063829787,335.9375,,0.009286926016717914,0.007263874931838771,0.007090843002924044,0.00018663077721237925,0.02382827472869311,1.0244021661237421,0.3048426717647286,0.29758104955813347,-4.948951045234804,S17,1,Rest
528.4825350345116,79.36152589028406,53.54662003560641,56.702022025600975,44.018415367771624,67.712222010508,,,30.838424851716695,30.849726904243642,0.15016868227272923,0.05835277952885018,514.2857142857142,76.24799999999993,0.1482599999999999,105.71428571428572,2.5734623694914887,458.57142857142856,584.2857142857143,6.808199121522694,22.10834553440703,410.0,882.8571428571429,13.524752475247524,85.9375,,0.004811667869161311,0.002172973494758893,0.0010568806841871237,9.049837385045987e-05,0.008132020421957788,2.056025365275918,0.26721200661172817,0.1299653258781019,-6.852433460029383,S17,2,Stress
801.3358070500927,112.4731546161575,46.80577681253026,101.73548264060959,36.304819249637,106.74846600566889,,,56.51522375982542,56.576249519162765,0.140357080797622,0.0705262678425308,811.4285714285713,127.07999999999976,0.15661267605633775,166.78571428571422,1.9901390657876243,700.0,902.8571428571428,27.056277056277057,65.36796536796537,488.57142857142856,1121.4285714285713,25.666666666666668,367.1875,,0.012809101658631784,0.009408143646564913,0.0036896210082841088,0.000246667276938991,0.0261535335904198,2.549894318533343,0.3597274385137454,0.14107543042044765,-5.602231533986591,S17,3,Amusement
827.4068322981367,72.40952721534781,30.393993658427124,63.12259557887855,25.66192374893993,68.37787757704996,20.127959496095333,69.4993546811499,59.80570426396687,59.82714416068376,0.0875138135060223,0.07228089245752962,834.2857142857143,65.65800000000007,0.07869965753424665,91.42857142857144,1.2107461672176107,772.8571428571429,884.2857142857142,33.18840579710145,71.30434782608695,584.2857142857143,1348.5714285714284,17.25,359.375,,0.006908227242409704,0.019132317826960284,0.008808068177792179,0.0010180229234933228,0.03586663617065549,2.1721355285599038,0.5334293892498764,0.24557831785180217,-4.732087139152094,S2,1,Rest
779.7131965874024,70.79574780384328,34.97442488619484,60.85460171053857,34.34916471824849,63.052279489856254,,,38.726715964124104,38.75079060072342,0.0907971650520954,0.04966789857298896,785.7142857142857,76.24799999999985,0.0970429090909089,104.28571428571433,1.828085497087527,714.2857142857143,841.4285714285714,16.89961880559085,50.82592121982211,584.2857142857143,985.7142857142858,19.675,320.3125,,0.013609562124716111,0.010312467652400665,0.0033999812882580293,0.0002597120374521018,0.02758172310282691,3.0330954137939474,0.37388772318375274,0.1232693575953403,-5.683985350828686,S2,2,Stress
906.2778176597271,80.0455798494676,23.77806429029934,76.62854336385321,8.743504827981099,79.16055295404317,,,66.0128626968502,66.09315227061668,0.08832344595630572,0.07283954369236866,905.7142857142857,70.95300000000005,0.07833927444794958,94.28571428571433,1.2125754978550107,838.5714285714286,971.4285714285714,36.68341708542713,69.59798994974874,680.0,1144.2857142857144,14.74074074074074,296.875,,0.01355814996844214,0.015070276720799388,0.00648145590524099,0.0008618119589210922,0.035971694553403606,2.3251375834576558,0.4189482010202784,0.18018211223323427,-5.0388101171192705,S2,3,Amusement
1103.6364894795126,124.44456743551216,33.7887055670352,118.7699836128983,31.340012339208553,123.14206700537956,19.041008561578508,121.99024133781936,120.59412199335412,120.6522596479875,0.11275865615335137,0.109269785063221,1122.8571428571427,118.60800000000033,0.10563053435114535,168.57142857142867,1.031928964517609,1004.5714285714286,1204.2857142857142,66.27906976744185,85.36821705426357,702.8571428571429,1512.857142857143,24.571428571428573,562.5,,0.013804952349429734,0.02108614057148698,0.02036963352675851,0.0006202073216407549,0.05588093376931598,1.0351752545664228,0.3773405193716592,0.3645184887361958,-3.893710039736948,S3,1,Rest
692.7209410308003,135.31362914612933,97.085781472526,94.78549921128906,97.26978829367302,97.80771559409217,,,57.21733603054373,57.246501053450984,0.1953364206729141,0.08259795920908891,668.5714285714286,116.48999999999997,0.17423717948717943,166.42857142857144,2.3649061374317792,590.0,798.0,22.535211267605636,50.59588299024919,448.57142857142856,1198.5714285714287,27.96969696969697,148.4375,,0.004817616981533751,0.004360618668514615,0.0014954036351767794,6.516820142217161e-05,0.010738807486647316,2.91601448996018,0.40606172276918356,0.13925229938577177,-6.505359118495449,S3,2,Stress
1095.204678362573,149.82896626020369,45.13068690675014,143.99841856719914,28.444311269771216,147.33655941451485,,,123.66938563349005,123.84455135848302,0.13680453454984426,0.11291897129072405,1114.2857142857142,152.49600000000004,0.13685538461538466,213.92857142857144,1.211528346265428,951.7142857142858,1219.4285714285716,64.32748538011695,84.21052631578947,735.7142857142858,1474.2857142857142,24.428571428571427,453.125,,0.013927758458075649,0.027722533616465133,0.013635570225040394,0.0004160335313963374,0.05570189583097752,2.03310409164667,0.4976946152889789,0.24479544226674668,-4.295073442874015,S3,3,Amusement
991.4665197698615,107.18202483071028,59.76683375787399,87.71463656619005,39.44289858835153,96.94159964623269,33.53757798711497,103.49861228386803,87.12806322538806,87.16512821148636,0.10810453272349457,0.08787796812908233,995.7142857142857,101.66399999999997,0.10210157819225249,135.71428571428578,1.2301665027655375,904.2857142857142,1078.5714285714284,54.92716366752356,79.17737789203085,691.4285714285714,1348.5714285714284,25.369565217391305,476.5625,,0.007001360921541415,0.0029113805059330414,0.003491865830768201,0.0001001683152047025,0.01350477557344736,0.8337607018802741,0.21558155410277982,0.2585652617311014,-5.657319063630607,S4,1,Rest
753.6640054357059,83.5504467845768,47.6196999725718,69.9565146417158,36.23578175450881,76.34031791676446,,,42.5969140261135,42.622100911406115,0.11085901168422509,0.05651976705652475,751.4285714285714,84.71999999999994,0.11274524714828889,112.85714285714278,1.9614201801885756,681.4285714285713,825.7142857142858,21.284185493460168,62.544589774078474,554.2857142857142,978.5714285714286,22.13157894736842,234.375,,0.005235853852591334,0.005470329775397851,0.003020882411247013,7.512574469430162e-05,0.0138021917839305,1.8108383679653761,0.39633776004813964,0.21886976058136942,-5.802206301119656,S4,2,Stress
967.0682581126445,88.4755602121514,43.21959867384919,77.94409257930974,15.223853117764277,85.08639906112398,,,71.87939258006594,71.97361771775793,0.09148843369631694,0.07432711391060196,971.4285714285714,80.48400000000007,0.0828511764705883,109.28571428571422,1.2308890912454373,901.4285714285714,1038.5714285714284,44.90861618798956,75.45691906005221,710.0,1218.5714285714287,21.27777777777778,226.5625,,0.008160826118486088,0.011266057360805833,0.0075543579860641455,0.000524878405379452,0.027506119870735517,1.4913322060708298,0.4095836640627778,0.27464280754849124,-4.885630665549446,S4,3,Amusement
954.9259512417406,62.624674169065855,30.96398535280244,53.80489957173246,23.689097863207618,57.73049622232927,21.83294939186963,59.230549971740174,30.355135842766952,30.367176378425977,0.06558066003718056,0.03178794733067477,957.1428571428572,61.42200000000019,0.06417223880597034,82.85714285714289,2.0630668396098817,901.4285714285714,1007.1428571428571,9.011164274322168,43.620414673046255,752.8571428571429,1188.5714285714287,15.481481481481481,234.375,,0.004609846114180241,0.004748183635525403,0.00063892860768389,6.406504820512707e-05,0.01006102340559466,7.431477599254043,0.47193843450210715,0.06350532961970838,-7.3557178348927845,S5,1,Rest
668.9322839322838,55.48348091674979,30.920509392838746,45.3244165730044,31.142659454994618,49.433217988996354,,,15.851395843787275,15.859336561589524,0.08294334456485344,0.02369656275311705,662.8571428571428,57.18599999999997,0.08627198275862066,77.14285714285722,3.5002268231472966,617.1428571428571,717.1428571428572,0.4158004158004158,18.60706860706861,560.0,834.2857142857143,12.657894736842104,210.9375,,0.005344552808986502,0.008206288297470596,0.00035475799714509466,1.530566275411113e-05,0.013920904766356303,23.132074156214877,0.5894938896000028,0.025483831913171693,-7.944074699133548,S5,2,Stress
903.4002075406434,63.41220836058506,18.626552635631306,58.92610565825836,11.012988558101828,61.76055669902723,,,28.557035209496267,28.58688514224036,0.07019282022661279,0.03161061395728261,902.8571428571428,52.95000000000026,0.05864715189873447,71.42857142857156,2.22054593186544,855.7142857142858,948.5714285714287,6.053268765133172,32.445520581113804,720.0,1147.1428571428573,12.90625,273.4375,,0.021454032994483677,0.014227061651405729,0.0013264745105223462,0.00014097849169408683,0.037148547648105844,10.725469308719186,0.3829776007981068,0.03570730471316236,-6.625230600159231,S5,3,Amusement
866.7584033613446,78.77578713269911,42.49168842852118,63.392809142683085,36.17547731801507,68.73919387066098,36.49730408127859,70.5117069847605,37.07764614079747,37.090879455505195,0.09088551876416953,0.042777371407081814,878.5714285714286,72.01199999999997,0.08196487804878046,97.142857142857,2.1246167254943438,808.5714285714286,931.4285714285713,14.191176470588236,56.544117647058826,624.2857142857143,1130.0,16.585365853658537,375.0,,0.0039615925915562995,0.003169382348348103,0.0009088952100388243,4.092606873147494e-05,0.008080796218674703,3.487071241373051,0.3922116413508445,0.1124759473501348,-7.003280750917443,S6,1,Rest
763.6067226890757,80.44550332825676,30.304859053046712,75.15870184930168,26.19780171358941,74.5961756921432,,,49.79709315579721,49.82459630864062,0.10534939116953329,0.0652130104099064,762.8571428571429,87.89699999999998,0.1152207865168539,118.21428571428567,1.615465848108276,688.5714285714287,837.1428571428572,27.294117647058826,63.64705882352941,575.7142857142858,1081.4285714285713,22.972972972972972,140.625,,0.008083665111022398,0.012378091208332132,0.007730684774496579,0.00013003614113743262,0.02832247723498854,1.6011636186702738,0.4370412625150139,0.27295228134022037,-4.862557833696203,S6,2,Stress
911.1196911196911,75.67573584008309,30.37684899305484,71.18045200027463,12.730573193832058,75.27151039256273,,,40.31842693381292,40.367874462526395,0.08305795229503145,0.04425151528035235,921.4285714285713,74.12999999999982,0.08045116279069749,100.00000000000011,1.8769515974497972,856.0,975.4285714285716,16.953316953316953,57.73955773955773,688.5714285714287,1062.857142857143,14.535714285714286,250.0,,0.014911175499533334,0.028242563639424186,0.004723604932972383,0.0002830782271371024,0.04816042229906701,5.979027467407658,0.5864268270747974,0.09808063774108333,-5.355183013912944,S6,3,Amusement
850.3527843298124,96.95632695214161,41.86589537669529,87.89546774079608,26.8932452820118,93.37119595711556,17.914746196037072,95.80045361542602,54.880489331935536,54.900037833782186,0.1140189445355385,0.06453849548477511,847.1428571428572,112.25399999999975,0.13250893760539598,151.42857142857133,1.7666811672490264,758.5714285714286,936.5714285714288,28.212491026561377,62.95764536970567,637.1428571428571,1174.2857142857144,30.282608695652176,382.8125,,0.010388665982699715,0.009601364023134653,0.002307038592475255,8.292513423281815e-05,0.022379993732542437,4.161770008725,0.4290154920451762,0.10308486320622254,-6.071790571505968,S7,1,Rest
701.5007056609691,141.32333332468428,73.5222576220673,117.46498066766843,54.580474335088404,132.93294572662867,,,101.78935106009496,101.84486955137879,0.20145857614145435,0.14510227892670022,684.2857142857142,152.49599999999987,0.2228542797494779,205.0,1.3883901592146808,567.1428571428572,832.8571428571429,38.52908891328211,61.25137211855104,377.14285714285717,1148.5714285714287,28.46875,367.1875,,0.004365120416611327,0.0026116774561893773,0.003637842476182731,0.00029895967334190546,0.010913600022325342,0.7179193363341748,0.23930485365478069,0.33333111610660093,-5.616364499388604,S7,2,Stress
1028.6901464186783,79.10043799473695,27.569290104107264,74.744354947502,17.41186071577732,76.85686630642813,,,75.1387228025543,75.23631502256875,0.07689432845266407,0.07304310541336977,1034.2857142857142,72.0119999999998,0.06962486187845285,95.71428571428567,1.0527253464580846,965.7142857142858,1091.4285714285713,44.87534626038781,75.34626038781164,760.0,1240.0,18.05,304.6875,,0.008820342858025436,0.029473267640769726,0.021454339916717902,0.0005422268480629334,0.060290177263575995,1.3737671611049298,0.4888568748424605,0.3558513325134878,-3.8418283269537667,S7,3,Amusement
847.634252539913,71.45283284417667,42.06436560335538,57.81463734804919,36.947938423099664,61.32098313834015,35.482996153010156,63.999950291660674,51.7537213673224,51.77252379945424,0.08429677379137311,0.06105666590542298,847.1428571428572,67.77600000000027,0.08000539629005089,91.42857142857144,1.3806317875586123,791.4285714285714,904.2857142857142,32.00290275761974,69.44847605224965,614.2857142857143,1174.2857142857144,18.373333333333335,367.1875,,0.004938895178718019,0.004205026382337756,0.0032740573575224564,9.692695580654215e-05,0.012514905874384773,1.2843471946746168,0.3360014389676321,0.2616126234096353,-5.721725281089994,S8,1,Rest
657.9589830032309,72.62744014415314,22.245731472724252,68.32225007798941,19.624831869610187,68.5247350847359,,,43.4615470760156,43.48289679731148,0.11038292966629579,0.06605510099981747,648.5714285714286,67.77599999999993,0.10450044052863425,92.85714285714289,1.6710735128026042,598.5714285714286,715.7142857142858,14.257620452310718,45.03441494591937,405.71428571428567,912.8571428571428,16.95,390.625,,0.014597021816591992,0.02071051295253579,0.0065541157241302325,0.0008345490850939184,0.04269619957835194,3.1599248204126256,0.4850668948773733,0.15350583398184545,-5.02766207183817,S8,2,Stress
867.4285714285714,111.0610169238938,25.42534199304915,108.9301415774359,12.89536977221974,111.30053747912773,,,77.62660916541331,77.71693821245638,0.12803476918103698,0.08949049146210362,871.4285714285714,118.60799999999999,0.13610754098360656,154.28571428571433,1.4307080795869318,771.4285714285714,970.0,49.64705882352941,78.11764705882352,602.8571428571429,1154.2857142857144,23.61111111111111,328.125,,0.021410981941175126,0.03022844012083034,0.014512901339991249,0.0003866882939635866,0.0665390116959603,2.082866782642138,0.45429649990827203,0.2181111647150051,-4.232717277560755,S8,3,Amusement
782.9463099981027,67.86437533262132,24.157207750721724,61.56754714126616,20.668012359728614,64.5002999517666,11.703996854812253,66.82563484072544,36.022664835578134,36.034633949333745,0.0866781980654405,0.04600911247115454,781.4285714285714,63.54000000000004,0.08131261425959786,85.35714285714289,1.883935451260519,728.5714285714286,837.1428571428572,12.549800796812749,49.00398406374502,604.2857142857143,1061.4285714285713,16.921348314606742,289.0625,,0.00885726860951578,0.017381689150772595,0.0038934517606921326,0.0001386844182753542,0.030271093939255863,4.464339156903457,0.5742008922985053,0.12861946015248113,-5.5484591727267905,S9,1,Rest
751.1085180863478,82.87580047564741,35.87896803983496,75.16639943566261,36.82980348263928,73.47838110891007,,,42.502033475042545,42.52655335435172,0.11033798509807337,0.05658574287418278,744.2857142857143,86.83799999999981,0.11667293666026846,117.14285714285711,1.9499255376642763,675.7142857142857,824.2857142857143,19.83663943990665,56.12602100350058,570.0,984.2857142857143,23.805555555555557,375.0,,0.009799108413254933,0.02090246017702374,0.0045605985916344965,0.0001680391797930722,0.03543020636170624,4.583271199391482,0.5899615701819786,0.12872063304050335,-5.390301393975723,S9,2,Stress
699.6361185983827,43.48937804664427,20.475279185916403,37.75122766441063,19.879684100217627,39.03592805533506,,,15.43362656105325,15.447466462022977,0.06215999558994866,0.02205950514958009,702.8571428571429,38.124000000000095,0.05424146341463428,51.42857142857156,2.817832728724284,665.7142857142857,731.4285714285714,1.3207547169811322,12.830188679245284,577.1428571428572,857.1428571428571,11.27659574468085,195.3125,,0.00824269542524715,0.027022882121462838,0.002042873006777747,2.5130267321853044e-05,0.037333580820809585,13.227881533412798,0.7238224013700929,0.05471944993926374,-6.1933981252462,S9,3,Amusement
